timestamp,IdRegion,IdDrone,CurrentDate,CurrentTime,x,y,RegionState,StreetCode1,StreetCode2,StreetCode3,HouseNumber,StreetName,Violation,IdPhoto,Plaque,PlateType,VehicleBodyType,VehicleMake,VehicleColor,ViolationCode,ViolationDescription
2020-07-12T04:12:00.217+02:00,5,51,2020-07-12,04:12:00,41.855034,-77.94492,NY,14220,45120,66920,880,Boynton Ave,"","","","","","","","",""
2020-07-12T04:12:00.434+02:00,3,32,2020-07-12,04:12:00,41.401802,-75.29458,NY,10510,26040,33990,458,6th Ave,"","","","","","","","",""
2020-07-12T04:12:00.666+02:00,7,71,2020-07-12,04:12:00,41.461525,-79.76438,NY,59430,7530,74430,1603,McDonald Ave,"","","","","","","","",""
2020-07-12T04:12:00.883+02:00,4,44,2020-07-12,04:12:00,43.371902,-75.66131,NY,60530,68430,68130,860,Metropolitan Ave,"","","","","","","","",""
2020-07-12T04:12:01.123+02:00,6,61,2020-07-12,04:12:01,43.58809,-77.31657,NY,45990,39490,52390,137-20,Franklin Ave,"","","","","","","","",""
2020-07-12T04:12:01.344+02:00,5,55,2020-07-12,04:12:01,41.43257,-77.07615,NY,14630,67530,35730,2027,Avenue U,"","","","","","","","",""
2020-07-12T04:12:01.871+02:00,4,42,2020-07-12,04:12:01,43.495377,-75.55741,NY,0,0,0,3250,Coney Island Ave,0,b2232cf6-72a3-4542-b7e5-cf74da7cfd2b,24951MD,COM,REFG,ISUZU,WHITE,17,null
2020-07-12T04:12:02.095+02:00,6,61,2020-07-12,04:12:02,43.129097,-77.83373,NY,59990,9640,9790,41-11,Queens Blvd,"","","","","","","","",""
2020-07-12T04:12:02.323+02:00,6,62,2020-07-12,04:12:02,43.532043,-77.18233,NY,51090,24840,24890,175-09,Jamaica Ave,"","","","","","","","",""
2020-07-12T04:12:02.481+02:00,3,33,2020-07-12,04:12:02,41.83278,-75.59003,NY,10140,6740,7040,21-25,45th Ave,"","","","","","","","",""
2020-07-12T04:12:02.629+02:00,6,61,2020-07-12,04:12:02,43.149456,-77.567184,NY,9340,7740,7940,29-12,40th Ave,"","","","","","","","",""
2020-07-12T04:12:02.779+02:00,3,32,2020-07-12,04:12:02,41.83278,-75.59003,NY,10140,6740,7040,21-25,45th Ave,"","","","","","","","",""
2020-07-12T04:12:02.980+02:00,3,36,2020-07-12,04:12:02,41.079456,-75.68804,NY,10910,34850,34870,819,9th Ave,"","","","","","","","",""
2020-07-12T04:12:03.124+02:00,7,75,2020-07-12,04:12:03,41.85579,-79.023674,NY,12110,17170,17190,157,Avenue A,"","","","","","","","",""
2020-07-12T04:12:03.312+02:00,2,27,2020-07-12,04:12:03,43.319824,-73.96076,NY,0,0,0,S,Clinton Ave,"","","","","","","","",""
2020-07-12T04:12:03.483+02:00,1,13,2020-07-12,04:12:03,41.885094,-73.89074,NY,23930,87630,29230,421,Bushwick Ave,"","","","","","","","",""
2020-07-12T04:12:03.630+02:00,5,52,2020-07-12,04:12:03,41.447113,-77.769516,NY,6240,7340,7390,26-24,18th St,"","","","","","","","",""
2020-07-12T04:12:03.780+02:00,1,16,2020-07-12,04:12:03,41.584595,-73.78567,NY,81830,60330,83630,2943,Stillwell Ave,"","","","","","","","",""
2020-07-12T04:12:03.962+02:00,1,17,2020-07-12,04:12:03,41.58413,-73.080574,NY,0,0,0,null,NB SOUTHERN BLVD @ E,"","","","","","","","",""
2020-07-12T04:12:04.117+02:00,6,65,2020-07-12,04:12:04,43.82074,-77.976036,NY,5580,10530,10580,7909,5th Ave,"","","","","","","","",""
2020-07-12T04:12:04.257+02:00,1,14,2020-07-12,04:12:04,41.584595,-73.78567,NY,81830,60330,83630,2943,Stillwell Ave,"","","","","","","","",""
2020-07-12T04:12:04.421+02:00,1,11,2020-07-12,04:12:04,41.84274,-73.34765,NY,10510,34890,34910,1395,6 AVE,"","","","","","","","",""
2020-07-12T04:12:04.573+02:00,1,13,2020-07-12,04:12:04,41.895206,-73.845856,NY,29020,39595,61470,132-25,AVERY AVE,"","","","","","","","",""
2020-07-12T04:12:04.715+02:00,6,64,2020-07-12,04:12:04,43.921852,-77.289894,NY,10810,34190,34210,230,8th Ave,"","","","","","","","",""
2020-07-12T04:12:04.858+02:00,1,17,2020-07-12,04:12:04,41.972,-73.36219,NY,27330,73120,11420,496,E 189th St,"","","","","","","","",""
2020-07-12T04:12:05.007+02:00,1,12,2020-07-12,04:12:04,41.837868,-73.153656,NY,73120,27030,27060,2061,Washington Ave,"","","","","","","","",""
2020-07-12T04:12:05.152+02:00,1,13,2020-07-12,04:12:05,41.312283,-73.25305,NY,6780,10080,10180,7113,17th Ave,"","","","","","","","",""
2020-07-12T04:12:05.292+02:00,2,27,2020-07-12,04:12:05,43.94009,-73.47093,NY,29440,13610,32615,1-3,Rector St,"","","","","","","","",""
2020-07-12T04:12:05.432+02:00,3,31,2020-07-12,04:12:05,41.2923,-75.74053,NY,24890,18970,18990,1569,Lexington Ave,"","","","","","","","",""
2020-07-12T04:12:05.610+02:00,7,76,2020-07-12,04:12:05,41.461525,-79.76438,NY,59430,7530,74430,1603,McDonald Ave,"","","","","","","","",""
2020-07-12T04:12:05.767+02:00,7,74,2020-07-12,04:12:05,41.175938,-79.19657,NY,33730,5430,5580,361,Douglass St,"","","","","","","","",""
2020-07-12T04:12:05.923+02:00,7,73,2020-07-12,04:12:05,41.070866,-79.47578,NY,24890,17890,17910,459,Lexington Ave,"","","","","","","","",""
2020-07-12T04:12:06.073+02:00,2,25,2020-07-12,04:12:06,43.65738,-73.11996,NY,5580,68730,10180,7112,5th Ave,"","","","","","","","",""
2020-07-12T04:12:06.230+02:00,7,74,2020-07-12,04:12:06,41.360966,-79.621544,NY,10140,5640,5690,10-35,45th Ave,"","","","","","","","",""
2020-07-12T04:12:06.383+02:00,6,63,2020-07-12,04:12:06,43.815247,-77.8511,NY,34810,10810,10910,344,W 52nd St,"","","","","","","","",""
2020-07-12T04:12:06.547+02:00,3,36,2020-07-12,04:12:06,41.13678,-75.33113,NY,18770,24890,10210,156,E 89th St,"","","","","","","","",""
2020-07-12T04:12:06.704+02:00,2,22,2020-07-12,04:12:06,43.94009,-73.47093,NY,29440,13610,32615,1-3,Rector St,"","","","","","","","",""
2020-07-12T04:12:06.919+02:00,6,61,2020-07-12,04:12:06,43.82074,-77.976036,NY,5580,10530,10580,7909,5th Ave,"","","","","","","","",""
2020-07-12T04:12:07.108+02:00,7,73,2020-07-12,04:12:07,41.576843,-79.79493,NY,17670,0,0,N,E 34th St,"","","","","","","","",""
2020-07-12T04:12:07.312+02:00,6,67,2020-07-12,04:12:07,43.286385,-77.58504,NY,17390,23140,23290,148-58,86th Ave,"","","","","","","","",""
2020-07-12T04:12:07.475+02:00,1,14,2020-07-12,04:12:07,41.895206,-73.845856,NY,29020,39595,61470,132-25,AVERY AVE,"","","","","","","","",""
2020-07-12T04:12:07.624+02:00,6,67,2020-07-12,04:12:07,43.796852,-77.27588,NY,67030,40430,48230,1177,Nostrand Ave,"","","","","","","","",""
2020-07-12T04:12:07.793+02:00,6,64,2020-07-12,04:12:07,43.09646,-77.23756,NY,10010,19290,19310,2285,1st Ave,"","","","","","","","",""
2020-07-12T04:12:08.185+02:00,4,41,2020-07-12,04:12:07,43.371902,-75.66131,NY,60530,68430,68130,860,Metropolitan Ave,0,d3852bc7-f182-42b7-afe7-d9d422ba0708,GRA4790,PAS,2DSD,VOLKS,BK,24,24-No Parking (exc auth veh)
2020-07-12T04:12:08.341+02:00,7,76,2020-07-12,04:12:08,41.114594,-79.67785,NY,0,0,0,65-21,Main St,"","","","","","","","",""
2020-07-12T04:12:08.493+02:00,1,11,2020-07-12,04:12:08,41.951427,-73.72924,NY,38950,0,0,E,Elm Pl,"","","","","","","","",""
2020-07-12T04:12:08.657+02:00,7,77,2020-07-12,04:12:08,41.576843,-79.79493,NY,17670,0,0,N,E 34th St,"","","","","","","","",""
2020-07-12T04:12:08.798+02:00,2,26,2020-07-12,04:12:08,43.98903,-73.794266,NY,17230,10410,32645,4,E 12th St,"","","","","","","","",""
2020-07-12T04:12:08.938+02:00,1,17,2020-07-12,04:12:08,41.895206,-73.845856,NY,29020,39595,61470,132-25,AVERY AVE,"","","","","","","","",""
2020-07-12T04:12:09.105+02:00,7,74,2020-07-12,04:12:09,41.78071,-79.93825,NY,61520,75260,75290,6015,Riverdale Ave,"","","","","","","","",""
2020-07-12T04:12:09.262+02:00,2,26,2020-07-12,04:12:09,43.49893,-73.001114,NY,0,0,0,109-13,127th St,"","","","","","","","",""
2020-07-12T04:12:09.414+02:00,3,35,2020-07-12,04:12:09,41.78175,-75.16839,NY,18520,76950,47720,1370B,Castle Hill Ave,"","","","","","","","",""
2020-07-12T04:12:09.566+02:00,5,57,2020-07-12,04:12:09,41.36415,-77.20579,NY,25130,35630,80830,1806,Caton Ave,"","","","","","","","",""
2020-07-12T04:12:09.722+02:00,7,77,2020-07-12,04:12:09,41.681473,-79.25305,NY,10620,52220,10720,1834,Barnes Ave,"","","","","","","","",""
2020-07-12T04:12:09.882+02:00,7,76,2020-07-12,04:12:09,41.070866,-79.47578,NY,24890,17890,17910,459,Lexington Ave,"","","","","","","","",""
2020-07-12T04:12:10.050+02:00,7,77,2020-07-12,04:12:10,41.413406,-79.52721,NY,11620,17720,28860,4460,Baychester Ave,"","","","","","","","",""
2020-07-12T04:12:10.194+02:00,1,11,2020-07-12,04:12:10,41.17809,-73.80342,NY,17250,10010,12110,446,E 13th St,"","","","","","","","",""
2020-07-12T04:12:10.361+02:00,3,34,2020-07-12,04:12:10,41.401802,-75.29458,NY,10510,26040,33990,458,6th Ave,"","","","","","","","",""
2020-07-12T04:12:10.527+02:00,4,45,2020-07-12,04:12:10,43.292007,-75.077446,NY,13610,35630,35650,2505,Broadway,"","","","","","","","",""
2020-07-12T04:12:10.676+02:00,3,36,2020-07-12,04:12:10,41.881485,-75.41801,NY,0,0,0,1505,E 15th St,"","","","","","","","",""
2020-07-12T04:12:10.834+02:00,1,11,2020-07-12,04:12:10,41.974873,-73.53333,NY,0,0,0,172,8th Ave,"","","","","","","","",""
2020-07-12T04:12:10.984+02:00,5,57,2020-07-12,04:12:10,41.447113,-77.769516,NY,6240,7340,7390,26-24,18th St,"","","","","","","","",""
2020-07-12T04:12:11.132+02:00,4,47,2020-07-12,04:12:11,43.5327,-75.084076,NY,70820,64820,46550,3141,Valhalla Dr,"","","","","","","","",""
2020-07-12T04:12:11.301+02:00,4,41,2020-07-12,04:12:11,43.505222,-75.88545,NY,12590,15690,63570,75-37,60th Pl,"","","","","","","","",""
2020-07-12T04:12:11.469+02:00,4,41,2020-07-12,04:12:11,43.991524,-75.49599,NY,0,0,0,35-53,95th St,"","","","","","","","",""
2020-07-12T04:12:11.633+02:00,4,42,2020-07-12,04:12:11,43.53972,-75.81852,NY,13610,37610,22990,4530,BROADWAY,"","","","","","","","",""
2020-07-12T04:12:12.136+02:00,5,55,2020-07-12,04:12:11,41.69147,-77.46984,NY,8990,19740,20190,104-41,38th Ave,0,f3d82967-ccf0-4e4f-8b2a-00272e26d82f,FZB8952,PAS,SUBN,BMW,GY,24,null
2020-07-12T04:12:12.625+02:00,7,74,2020-07-12,04:12:12,41.461525,-79.76438,NY,59430,7530,74430,1603,McDonald Ave,0,83b38e59-9497-4327-af6d-8a4f7325bc07,53907MG,COM,VAN,FORD,BL,9,null
2020-07-12T04:12:12.823+02:00,4,46,2020-07-12,04:12:12,43.646694,-75.78494,NY,70930,13130,27130,2376,Pitkin Ave,"","","","","","","","",""
2020-07-12T04:12:12.968+02:00,2,22,2020-07-12,04:12:12,43.773342,-73.02493,NY,5880,9330,9380,5518,8th Ave,"","","","","","","","",""
2020-07-12T04:12:13.103+02:00,4,46,2020-07-12,04:12:13,43.449623,-75.14106,NY,0,0,0,N,46th Ave,"","","","","","","","",""
2020-07-12T04:12:13.270+02:00,5,53,2020-07-12,04:12:13,41.974518,-77.826645,NY,12110,17130,31090,121,Avenue A,"","","","","","","","",""
2020-07-12T04:12:13.430+02:00,4,42,2020-07-12,04:12:13,43.991524,-75.49599,NY,0,0,0,35-53,95th St,"","","","","","","","",""
2020-07-12T04:12:13.566+02:00,3,36,2020-07-12,04:12:13,41.45703,-75.30717,NY,18890,10210,10110,226,E 96th St,"","","","","","","","",""
2020-07-12T04:12:13.732+02:00,2,25,2020-07-12,04:12:13,43.49893,-73.001114,NY,0,0,0,109-13,127th St,"","","","","","","","",""
2020-07-12T04:12:13.889+02:00,2,22,2020-07-12,04:12:13,43.8021,-73.93153,NY,49420,27570,27600,2800,Marion Ave,"","","","","","","","",""
2020-07-12T04:12:14.036+02:00,4,42,2020-07-12,04:12:14,43.119892,-75.301125,NY,50150,49490,38590,87-25,Home Lawn St,"","","","","","","","",""
2020-07-12T04:12:14.182+02:00,1,13,2020-07-12,04:12:14,41.584595,-73.78567,NY,81830,60330,83630,2943,Stillwell Ave,"","","","","","","","",""
2020-07-12T04:12:14.328+02:00,6,61,2020-07-12,04:12:14,43.82074,-77.976036,NY,5580,10530,10580,7909,5th Ave,"","","","","","","","",""
2020-07-12T04:12:14.481+02:00,4,45,2020-07-12,04:12:14,43.762993,-75.32996,NY,36670,13610,29690,676,W 145 ST,"","","","","","","","",""
2020-07-12T04:12:14.629+02:00,3,35,2020-07-12,04:12:14,41.363644,-75.76794,NY,67530,14330,14380,1996,OCEAN AVE,"","","","","","","","",""
2020-07-12T04:12:14.782+02:00,7,72,2020-07-12,04:12:14,41.5548,-79.13426,NY,10630,5280,5430,325,81st St,"","","","","","","","",""
2020-07-12T04:12:14.941+02:00,5,51,2020-07-12,04:12:14,41.40946,-77.482414,NY,42820,29430,27870,3394,Jerome Ave,"","","","","","","","",""
2020-07-12T04:12:15.109+02:00,1,17,2020-07-12,04:12:15,41.951427,-73.72924,NY,38950,0,0,E,Elm Pl,"","","","","","","","",""
2020-07-12T04:12:15.456+02:00,1,12,2020-07-12,04:12:15,41.888184,-73.18626,NY,53790,21640,21690,125-14,Liberty Ave,0,0bc13e5c-f13d-4f1b-95a5-2e9af91c7074,AUA5333,PAS,4DSD,LEXUS,BLACK,36,PHTO SCHOOL ZN SPEED VIOLATION
2020-07-12T04:12:15.610+02:00,4,45,2020-07-12,04:12:15,43.493057,-75.23407,NY,10910,34790,34810,772,9th Ave,"","","","","","","","",""
2020-07-12T04:12:15.755+02:00,2,27,2020-07-12,04:12:15,43.773342,-73.02493,NY,5880,9330,9380,5518,8th Ave,"","","","","","","","",""
2020-07-12T04:12:15.907+02:00,5,51,2020-07-12,04:12:15,41.39,-77.83611,NY,61090,18090,38390,89-14,Roosevelt Ave,"","","","","","","","",""
2020-07-12T04:12:16.072+02:00,1,17,2020-07-12,04:12:16,41.837868,-73.153656,NY,73120,27030,27060,2061,Washington Ave,"","","","","","","","",""
2020-07-12T04:12:16.231+02:00,5,53,2020-07-12,04:12:16,41.37658,-77.0036,NY,27530,12630,28930,246,Clinton St,"","","","","","","","",""
2020-07-12T04:12:16.379+02:00,2,27,2020-07-12,04:12:16,43.764164,-73.41271,NY,52930,93250,42730,387,Jay St,"","","","","","","","",""
2020-07-12T04:12:16.531+02:00,6,61,2020-07-12,04:12:16,43.985195,-77.08556,NY,35290,11710,13610,205,W 76th St,"","","","","","","","",""
2020-07-12T04:12:16.971+02:00,7,74,2020-07-12,04:12:16,41.407223,-79.792175,NY,81430,73110,50930,1757,STERLING PL,0,07d38f4a-7d13-400c-b796-0cb56fa95457,HSC1840,PAS,4DSD,NISSA,SILVE,67,67-Blocking Ped. Ramp
2020-07-12T04:12:17.112+02:00,2,22,2020-07-12,04:12:17,43.991196,-73.89059,NY,10210,17610,17630,456,3 AV,"","","","","","","","",""
2020-07-12T04:12:17.271+02:00,7,74,2020-07-12,04:12:17,41.402393,-79.11358,NY,30490,11310,37630,149,Sherman Ave,"","","","","","","","",""
2020-07-12T04:12:17.444+02:00,5,53,2020-07-12,04:12:17,41.43257,-77.07615,NY,14630,67530,35730,2027,Avenue U,"","","","","","","","",""
2020-07-12T04:12:17.624+02:00,7,74,2020-07-12,04:12:17,41.402393,-79.11358,NY,30490,11310,37630,149,Sherman Ave,"","","","","","","","",""
2020-07-12T04:12:18.087+02:00,3,37,2020-07-12,04:12:17,41.281487,-75.29116,NY,26160,21520,50320,389,E 150th St,0,516ba626-8aeb-4a64-b754-aef54b13a693,GWR2745,PAS,4DSD,MITSU,WH,36,PHTO SCHOOL ZN SPEED VIOLATION
2020-07-12T04:12:18.273+02:00,6,67,2020-07-12,04:12:18,43.01888,-77.75229,NY,67030,58840,58125,2901,Nostrand Ave,"","","","","","","","",""
2020-07-12T04:12:18.452+02:00,6,63,2020-07-12,04:12:18,43.344677,-77.84141,NY,58330,51930,51730,984,MANHATTAN AVE,"","","","","","","","",""
2020-07-12T04:12:18.596+02:00,3,35,2020-07-12,04:12:18,41.2923,-75.74053,NY,24890,18970,18990,1569,Lexington Ave,"","","","","","","","",""
2020-07-12T04:12:18.755+02:00,2,27,2020-07-12,04:12:18,43.773342,-73.02493,NY,5880,9330,9380,5518,8th Ave,"","","","","","","","",""
2020-07-12T04:12:18.944+02:00,6,61,2020-07-12,04:12:18,43.159935,-77.55572,NY,14630,35080,35130,712,Avenue U,"","","","","","","","",""
2020-07-12T04:12:19.083+02:00,2,27,2020-07-12,04:12:19,43.65738,-73.11996,NY,5580,68730,10180,7112,5th Ave,"","","","","","","","",""
2020-07-12T04:12:19.251+02:00,2,27,2020-07-12,04:12:19,43.361374,-73.839935,NY,37930,26630,55330,286,E 93rd St,"","","","","","","","",""
2020-07-12T04:12:19.422+02:00,6,62,2020-07-12,04:12:19,43.48662,-77.41396,NY,72130,44930,51530,183,Powers St,"","","","","","","","",""
2020-07-12T04:12:19.622+02:00,5,56,2020-07-12,04:12:19,41.30969,-77.75413,NY,38430,86030,75430,972,Eastern Pky,"","","","","","","","",""
2020-07-12T04:12:19.798+02:00,3,37,2020-07-12,04:12:19,41.13678,-75.33113,NY,18770,24890,10210,156,E 89th St,"","","","","","","","",""
2020-07-12T04:12:19.970+02:00,1,13,2020-07-12,04:12:19,41.58413,-73.080574,NY,0,0,0,null,NB SOUTHERN BLVD @ E,"","","","","","","","",""
2020-07-12T04:12:20.128+02:00,2,26,2020-07-12,04:12:20,43.45287,-73.441444,NY,34570,13610,10610,147,W 40th St,"","","","","","","","",""
2020-07-12T04:12:20.306+02:00,5,56,2020-07-12,04:12:20,41.154934,-77.99088,NY,23170,50620,27250,245-43,149 AVE,"","","","","","","","",""
2020-07-12T04:12:20.475+02:00,3,35,2020-07-12,04:12:20,41.99503,-75.83221,NY,24970,17790,18040,88-19,178th St,"","","","","","","","",""
2020-07-12T04:12:20.628+02:00,6,63,2020-07-12,04:12:20,43.010197,-77.47085,NY,42820,25010,26580,1001,JEROME AVE,"","","","","","","","",""
2020-07-12T04:12:20.825+02:00,7,71,2020-07-12,04:12:20,41.576843,-79.79493,NY,17670,0,0,N,E 34th St,"","","","","","","","",""
2020-07-12T04:12:20.986+02:00,3,32,2020-07-12,04:12:20,41.363644,-75.76794,NY,67530,14330,14380,1996,OCEAN AVE,"","","","","","","","",""
2020-07-12T04:12:21.392+02:00,2,24,2020-07-12,04:12:21,43.50595,-73.03775,NY,62200,32590,32740,8200,SHORE FRONT PKWY,0,2e112dff-ec06-42e6-b834-ac4e46ec12be,GXL9389,PAS,4DSD,LEXUS,GY,68,68-Not Pkg. Comp. w Psted Sign
2020-07-12T04:12:21.555+02:00,7,77,2020-07-12,04:12:21,41.461525,-79.76438,NY,59430,7530,74430,1603,McDonald Ave,"","","","","","","","",""
2020-07-12T04:12:21.687+02:00,1,14,2020-07-12,04:12:21,41.04705,-73.8073,NY,10110,31090,17170,136,2nd Ave,"","","","","","","","",""
2020-07-12T04:12:21.839+02:00,6,66,2020-07-12,04:12:21,43.010197,-77.47085,NY,42820,25010,26580,1001,JEROME AVE,"","","","","","","","",""
2020-07-12T04:12:22.032+02:00,7,76,2020-07-12,04:12:22,41.175938,-79.19657,NY,33730,5430,5580,361,Douglass St,"","","","","","","","",""
2020-07-12T04:12:22.184+02:00,1,15,2020-07-12,04:12:22,41.895206,-73.845856,NY,29020,39595,61470,132-25,AVERY AVE,"","","","","","","","",""
2020-07-12T04:12:22.331+02:00,1,14,2020-07-12,04:12:22,41.972,-73.36219,NY,27330,73120,11420,496,E 189th St,"","","","","","","","",""
2020-07-12T04:12:22.519+02:00,3,37,2020-07-12,04:12:22,41.45703,-75.30717,NY,18890,10210,10110,226,E 96th St,"","","","","","","","",""
2020-07-12T04:12:22.741+02:00,1,16,2020-07-12,04:12:22,41.38423,-73.005684,NY,67030,41330,69230,40,Nostrand Ave,"","","","","","","","",""
2020-07-12T04:12:22.932+02:00,3,33,2020-07-12,04:12:22,41.43547,-75.77323,NY,30490,30590,11810,31,Sherman Ave,"","","","","","","","",""
2020-07-12T04:12:23.101+02:00,7,72,2020-07-12,04:12:23,41.461525,-79.76438,NY,59430,7530,74430,1603,McDonald Ave,"","","","","","","","",""
2020-07-12T04:12:23.281+02:00,4,46,2020-07-12,04:12:23,43.740265,-75.097244,NY,17570,24890,10210,154,E 29th St,"","","","","","","","",""
2020-07-12T04:12:23.664+02:00,5,57,2020-07-12,04:12:23,41.97286,-77.47715,NY,77850,40020,76950,2939,Wilkinson Ave,0,6cbc6547-56c0-443c-bb28-31e56aa52da7,73463,MED,4DSD,HONDA,GY,68,68-Not Pkg. Comp. w Psted Sign
2020-07-12T04:12:23.821+02:00,6,66,2020-07-12,04:12:23,43.246384,-77.44939,NY,72230,41930,18630,1010,PRESIDENT ST,"","","","","","","","",""
2020-07-12T04:12:23.963+02:00,6,66,2020-07-12,04:12:23,43.82074,-77.976036,NY,5580,10530,10580,7909,5th Ave,"","","","","","","","",""
2020-07-12T04:12:24.379+02:00,4,47,2020-07-12,04:12:24,43.57823,-75.90359,NY,29220,40404,40404,2486,E Fordham Rd,0,0fe772e9-f072-4d1f-aa0a-82c16b039bd9,GGR9929,PAS,SUBN,HONDA,BK,70,70A-Reg. Sticker Expired (NYS)
2020-07-12T04:12:24.528+02:00,1,12,2020-07-12,04:12:24,41.725018,-73.402336,NY,65020,26670,40520,1136,Simpson St,"","","","","","","","",""
2020-07-12T04:12:24.691+02:00,7,75,2020-07-12,04:12:24,41.5548,-79.13426,NY,10630,5280,5430,325,81st St,"","","","","","","","",""
2020-07-12T04:12:24.878+02:00,5,57,2020-07-12,04:12:24,41.974518,-77.826645,NY,12110,17130,31090,121,Avenue A,"","","","","","","","",""
2020-07-12T04:12:25.040+02:00,3,32,2020-07-12,04:12:25,41.307243,-75.81064,NY,70337,51470,35490,23,Waldo Pl,"","","","","","","","",""
2020-07-12T04:12:25.200+02:00,2,24,2020-07-12,04:12:25,43.764164,-73.41271,NY,52930,93250,42730,387,Jay St,"","","","","","","","",""
2020-07-12T04:12:25.356+02:00,4,42,2020-07-12,04:12:25,43.363434,-75.724396,NY,0,40404,40404,2125,Frederick Douglass B,"","","","","","","","",""
2020-07-12T04:12:25.556+02:00,5,55,2020-07-12,04:12:25,41.88297,-77.65383,NY,13790,28990,67490,94-16,66 AVE,"","","","","","","","",""
2020-07-12T04:12:26.023+02:00,3,36,2020-07-12,04:12:25,41.281487,-75.29116,NY,26160,21520,50320,389,E 150th St,0,5ffdd477-6edb-4dcb-8079-3c0de73c1798,42280JZ,COM,VAN,CHEVR,WT,53,53-Safety Zone
2020-07-12T04:12:26.205+02:00,7,77,2020-07-12,04:12:26,41.114594,-79.67785,NY,0,0,0,65-21,Main St,"","","","","","","","",""
2020-07-12T04:12:26.351+02:00,2,23,2020-07-12,04:12:26,43.773342,-73.02493,NY,5880,9330,9380,5518,8th Ave,"","","","","","","","",""
2020-07-12T04:12:26.493+02:00,7,72,2020-07-12,04:12:26,41.070866,-79.47578,NY,24890,17890,17910,459,Lexington Ave,"","","","","","","","",""
2020-07-12T04:12:26.778+02:00,6,67,2020-07-12,04:12:26,43.51323,-77.84461,NY,17390,10110,10010,352,E 20th St,"","","","","","","","",""
2020-07-12T04:12:26.910+02:00,2,23,2020-07-12,04:12:26,43.94009,-73.47093,NY,29440,13610,32615,1-3,Rector St,"","","","","","","","",""
2020-07-12T04:12:27.046+02:00,2,21,2020-07-12,04:12:27,43.773342,-73.02493,NY,5880,9330,9380,5518,8th Ave,"","","","","","","","",""
2020-07-12T04:12:27.222+02:00,4,47,2020-07-12,04:12:27,43.676,-75.781815,NY,51730,92430,42030,76,Huron St,"","","","","","","","",""
2020-07-12T04:12:27.371+02:00,6,66,2020-07-12,04:12:27,43.38338,-77.6681,NY,47030,70030,73110,768,Hancock St,"","","","","","","","",""
2020-07-12T04:12:27.516+02:00,5,57,2020-07-12,04:12:27,41.66714,-77.78755,NY,10210,18570,18590,1394,3rd Ave,"","","","","","","","",""
2020-07-12T04:12:27.655+02:00,2,21,2020-07-12,04:12:27,43.49893,-73.001114,NY,0,0,0,109-13,127th St,"","","","","","","","",""
2020-07-12T04:12:27.803+02:00,4,47,2020-07-12,04:12:27,43.91772,-75.33724,NY,8980,6680,6780,1683,48th St,"","","","","","","","",""
2020-07-12T04:12:27.972+02:00,4,42,2020-07-12,04:12:27,43.449623,-75.14106,NY,0,0,0,N,46th Ave,"","","","","","","","",""
2020-07-12T04:12:28.109+02:00,3,31,2020-07-12,04:12:28,41.281487,-75.29116,NY,26160,21520,50320,389,E 150th St,"","","","","","","","",""
2020-07-12T04:12:28.250+02:00,6,64,2020-07-12,04:12:28,43.38338,-77.6681,NY,47030,70030,73110,768,Hancock St,"","","","","","","","",""
2020-07-12T04:12:28.396+02:00,2,21,2020-07-12,04:12:28,43.45287,-73.441444,NY,34570,13610,10610,147,W 40th St,"","","","","","","","",""
2020-07-12T04:12:28.548+02:00,5,55,2020-07-12,04:12:28,41.154934,-77.99088,NY,23170,50620,27250,245-43,149 AVE,"","","","","","","","",""
2020-07-12T04:12:28.715+02:00,6,65,2020-07-12,04:12:28,43.660683,-77.95719,NY,19090,27790,24890,121,E 106th St,"","","","","","","","",""
2020-07-12T04:12:28.872+02:00,6,61,2020-07-12,04:12:28,43.985195,-77.08556,NY,35290,11710,13610,205,W 76th St,"","","","","","","","",""
2020-07-12T04:12:29.019+02:00,1,13,2020-07-12,04:12:29,41.17809,-73.80342,NY,17250,10010,12110,446,E 13th St,"","","","","","","","",""
2020-07-12T04:12:29.161+02:00,4,45,2020-07-12,04:12:29,43.991524,-75.49599,NY,0,0,0,35-53,95th St,"","","","","","","","",""
2020-07-12T04:12:29.320+02:00,3,32,2020-07-12,04:12:29,41.281487,-75.29116,NY,26160,21520,50320,389,E 150th St,"","","","","","","","",""
2020-07-12T04:12:29.528+02:00,7,75,2020-07-12,04:12:29,41.681473,-79.25305,NY,10620,52220,10720,1834,Barnes Ave,"","","","","","","","",""
2020-07-12T04:12:29.946+02:00,4,45,2020-07-12,04:12:29,43.363434,-75.724396,NY,0,40404,40404,2125,Frederick Douglass B,0,bb64228d-85a2-4966-be69-b9d390968a52,HHK1620,PAS,4DSD,TOYOT,WH,68,68-Not Pkg. Comp. w Psted Sign
2020-07-12T04:12:30.105+02:00,4,42,2020-07-12,04:12:30,43.991524,-75.49599,NY,0,0,0,35-53,95th St,"","","","","","","","",""
2020-07-12T04:12:30.283+02:00,3,37,2020-07-12,04:12:30,41.2923,-75.74053,NY,24890,18970,18990,1569,Lexington Ave,"","","","","","","","",""
2020-07-12T04:12:30.470+02:00,1,12,2020-07-12,04:12:30,41.951427,-73.72924,NY,38950,0,0,E,Elm Pl,"","","","","","","","",""
2020-07-12T04:12:30.641+02:00,5,52,2020-07-12,04:12:30,41.57524,-77.10057,NY,0,0,0,S,W 57th St,"","","","","","","","",""
2020-07-12T04:12:30.817+02:00,1,11,2020-07-12,04:12:30,41.879448,-73.56615,NY,86630,26230,77930,907,UTICA AVE,"","","","","","","","",""
2020-07-12T04:12:30.980+02:00,6,66,2020-07-12,04:12:30,43.30212,-77.545746,NY,35580,12330,19630,170,E 17TH,"","","","","","","","",""
2020-07-12T04:12:31.119+02:00,3,36,2020-07-12,04:12:31,41.45703,-75.30717,NY,18890,10210,10110,226,E 96th St,"","","","","","","","",""
2020-07-12T04:12:31.298+02:00,1,11,2020-07-12,04:12:31,41.17809,-73.80342,NY,17250,10010,12110,446,E 13th St,"","","","","","","","",""
2020-07-12T04:12:31.496+02:00,5,54,2020-07-12,04:12:31,41.974518,-77.826645,NY,12110,17130,31090,121,Avenue A,"","","","","","","","",""
2020-07-12T04:12:31.633+02:00,7,73,2020-07-12,04:12:31,41.69397,-79.67118,NY,18870,10410,25390,17,E 95th St,"","","","","","","","",""
2020-07-12T04:12:31.778+02:00,7,77,2020-07-12,04:12:31,41.78071,-79.93825,NY,61520,75260,75290,6015,Riverdale Ave,"","","","","","","","",""
2020-07-12T04:12:31.938+02:00,7,72,2020-07-12,04:12:31,41.070866,-79.47578,NY,24890,17890,17910,459,Lexington Ave,"","","","","","","","",""
2020-07-12T04:12:32.101+02:00,1,12,2020-07-12,04:12:32,41.291145,-73.337776,NY,29220,27300,21820,135,E Fordham Rd,"","","","","","","","",""
2020-07-12T04:12:32.242+02:00,3,36,2020-07-12,04:12:32,41.43547,-75.77323,NY,30490,30590,11810,31,Sherman Ave,"","","","","","","","",""
2020-07-12T04:12:32.428+02:00,2,22,2020-07-12,04:12:32,43.319824,-73.96076,NY,0,0,0,S,Clinton Ave,"","","","","","","","",""
2020-07-12T04:12:32.618+02:00,7,73,2020-07-12,04:12:32,41.402393,-79.11358,NY,30490,11310,37630,149,Sherman Ave,"","","","","","","","",""
2020-07-12T04:12:32.791+02:00,6,64,2020-07-12,04:12:32,43.275867,-77.22161,NY,37370,21190,28890,801,WEST 181TH ST,"","","","","","","","",""
2020-07-12T04:12:33.158+02:00,1,14,2020-07-12,04:12:32,41.951427,-73.72924,NY,38950,0,0,E,Elm Pl,0,d4048d95-2099-4c7d-8ef5-3587f01ae945,T700658C,OMT,SUBN,TOYOT,GY,24,null
2020-07-12T04:12:33.629+02:00,1,11,2020-07-12,04:12:33,41.17809,-73.80342,NY,17250,10010,12110,446,E 13th St,0,ca248ae7-c3bc-4bb5-a702-82b1fdd7ac6c,HAM1498,PAS,4DSD,MAZDA,LTGY,68,68-Not Pkg. Comp. w Psted Sign
2020-07-12T04:12:33.779+02:00,6,67,2020-07-12,04:12:33,43.862072,-77.035286,NY,18010,10110,10010,335,E 51st St,"","","","","","","","",""
2020-07-12T04:12:34.211+02:00,4,47,2020-07-12,04:12:33,43.045353,-75.92089,NY,40890,23690,23750,156-40,Cross Bay Blvd,0,e9593d8e-3258-43d3-bed8-8bf200ecbd3e,GNK4481,PAS,4DSD,TOYOT,RD,70,70A-Reg. Sticker Expired (NYS)
2020-07-12T04:12:34.342+02:00,7,76,2020-07-12,04:12:34,41.15599,-79.85273,NY,25390,17870,17890,345,Madison Ave,"","","","","","","","",""
2020-07-12T04:12:34.506+02:00,3,31,2020-07-12,04:12:34,41.765865,-75.07626,NY,54010,58330,59640,202,Kent St,"","","","","","","","",""
2020-07-12T04:12:34.685+02:00,7,76,2020-07-12,04:12:34,41.407223,-79.792175,NY,81430,73110,50930,1757,STERLING PL,"","","","","","","","",""
2020-07-12T04:12:34.830+02:00,4,46,2020-07-12,04:12:34,43.53972,-75.81852,NY,13610,37610,22990,4530,BROADWAY,"","","","","","","","",""
2020-07-12T04:12:34.977+02:00,7,75,2020-07-12,04:12:34,41.114594,-79.67785,NY,0,0,0,65-21,Main St,"","","","","","","","",""
2020-07-12T04:12:35.218+02:00,5,54,2020-07-12,04:12:35,41.57524,-77.10057,NY,0,0,0,S,W 57th St,"","","","","","","","",""
2020-07-12T04:12:35.390+02:00,4,42,2020-07-12,04:12:35,43.991524,-75.49599,NY,0,0,0,35-53,95th St,"","","","","","","","",""
2020-07-12T04:12:35.542+02:00,1,12,2020-07-12,04:12:35,41.618206,-73.64031,NY,88430,0,0,N,Veronica Pl,"","","","","","","","",""
2020-07-12T04:12:35.717+02:00,3,31,2020-07-12,04:12:35,41.13678,-75.33113,NY,18770,24890,10210,156,E 89th St,"","","","","","","","",""
2020-07-12T04:12:35.911+02:00,2,24,2020-07-12,04:12:35,43.429996,-73.28344,NY,10210,19350,19370,2212,3rd Ave,"","","","","","","","",""
2020-07-12T04:12:36.078+02:00,7,75,2020-07-12,04:12:36,41.114594,-79.67785,NY,0,0,0,65-21,Main St,"","","","","","","","",""
2020-07-12T04:12:36.238+02:00,1,14,2020-07-12,04:12:36,41.972,-73.36219,NY,27330,73120,11420,496,E 189th St,"","","","","","","","",""
2020-07-12T04:12:36.389+02:00,6,63,2020-07-12,04:12:36,43.246384,-77.44939,NY,72230,41930,18630,1010,PRESIDENT ST,"","","","","","","","",""
2020-07-12T04:12:36.543+02:00,2,24,2020-07-12,04:12:36,43.361374,-73.839935,NY,37930,26630,55330,286,E 93rd St,"","","","","","","","",""
2020-07-12T04:12:36.693+02:00,7,76,2020-07-12,04:12:36,41.17554,-79.074356,NY,14980,75130,50830,511,Bainbridge St,"","","","","","","","",""
2020-07-12T04:12:36.844+02:00,3,35,2020-07-12,04:12:36,41.462788,-75.58729,NY,34250,10910,11010,460,W 24th St,"","","","","","","","",""
2020-07-12T04:12:37.013+02:00,1,15,2020-07-12,04:12:37,41.97764,-73.45839,NY,0,0,0,S,W 140th St,"","","","","","","","",""
2020-07-12T04:12:37.188+02:00,7,74,2020-07-12,04:12:37,41.17554,-79.074356,NY,14980,75130,50830,511,Bainbridge St,"","","","","","","","",""
2020-07-12T04:12:37.322+02:00,5,52,2020-07-12,04:12:37,41.447113,-77.769516,NY,6240,7340,7390,26-24,18th St,"","","","","","","","",""
2020-07-12T04:12:37.495+02:00,3,33,2020-07-12,04:12:37,41.765865,-75.07626,NY,54010,58330,59640,202,Kent St,"","","","","","","","",""
2020-07-12T04:12:37.701+02:00,4,42,2020-07-12,04:12:37,43.57823,-75.90359,NY,29220,40404,40404,2486,E Fordham Rd,"","","","","","","","",""
2020-07-12T04:12:37.861+02:00,2,27,2020-07-12,04:12:37,43.66034,-73.179,NY,18750,10210,10110,219,E 88th St,"","","","","","","","",""
2020-07-12T04:12:38.006+02:00,6,67,2020-07-12,04:12:37,43.246384,-77.44939,NY,72230,41930,18630,1010,PRESIDENT ST,"","","","","","","","",""
2020-07-12T04:12:38.188+02:00,5,52,2020-07-12,04:12:38,41.974518,-77.826645,NY,12110,17130,31090,121,Avenue A,"","","","","","","","",""
2020-07-12T04:12:38.341+02:00,4,41,2020-07-12,04:12:38,43.449623,-75.14106,NY,0,0,0,N,46th Ave,"","","","","","","","",""
2020-07-12T04:12:38.495+02:00,5,55,2020-07-12,04:12:38,41.57524,-77.10057,NY,0,0,0,S,W 57th St,"","","","","","","","",""
2020-07-12T04:12:38.702+02:00,4,43,2020-07-12,04:12:38,43.44082,-75.25021,NY,36480,14030,14080,1181,E 37 ST,"","","","","","","","",""
2020-07-12T04:12:38.898+02:00,2,26,2020-07-12,04:12:38,43.773342,-73.02493,NY,5880,9330,9380,5518,8th Ave,"","","","","","","","",""
2020-07-12T04:12:39.091+02:00,5,52,2020-07-12,04:12:39,41.63178,-77.66956,NY,39930,81050,94630,891,EUCLID AVE,"","","","","","","","",""
2020-07-12T04:12:39.268+02:00,5,54,2020-07-12,04:12:39,41.707153,-77.646126,NY,37510,12010,31190,564,W 188th St,"","","","","","","","",""
2020-07-12T04:12:39.485+02:00,7,75,2020-07-12,04:12:39,41.576843,-79.79493,NY,17670,0,0,N,E 34th St,"","","","","","","","",""
2020-07-12T04:12:39.705+02:00,6,65,2020-07-12,04:12:39,43.985195,-77.08556,NY,35290,11710,13610,205,W 76th St,"","","","","","","","",""
2020-07-12T04:12:39.928+02:00,2,26,2020-07-12,04:12:39,43.991196,-73.89059,NY,10210,17610,17630,456,3 AV,"","","","","","","","",""
2020-07-12T04:12:40.146+02:00,5,51,2020-07-12,04:12:40,41.974518,-77.826645,NY,12110,17130,31090,121,Avenue A,"","","","","","","","",""
2020-07-12T04:12:40.353+02:00,4,47,2020-07-12,04:12:40,43.51794,-75.678185,NY,18770,10410,25390,16,E 89th St,"","","","","","","","",""
2020-07-12T04:12:40.504+02:00,5,56,2020-07-12,04:12:40,41.57524,-77.10057,NY,0,0,0,S,W 57th St,"","","","","","","","",""
2020-07-12T04:12:40.665+02:00,1,17,2020-07-12,04:12:40,41.572495,-73.40428,NY,11420,26940,29620,1869,BATHGATE AVE,"","","","","","","","",""
2020-07-12T04:12:41.074+02:00,2,22,2020-07-12,04:12:40,43.903423,-73.27599,NY,0,0,0,null,S/E C/O 81 ST,0,04550ed8-dce6-409e-8f54-cd96b7386486,EHP2579,PAS,SUBN,HONDA,GY,37,37-Expired Muni Meter
2020-07-12T04:12:41.217+02:00,1,13,2020-07-12,04:12:41,41.04705,-73.8073,NY,10110,31090,17170,136,2nd Ave,"","","","","","","","",""
2020-07-12T04:12:41.367+02:00,1,15,2020-07-12,04:12:41,41.58413,-73.080574,NY,0,0,0,null,NB SOUTHERN BLVD @ E,"","","","","","","","",""
2020-07-12T04:12:41.521+02:00,5,56,2020-07-12,04:12:41,41.974518,-77.826645,NY,12110,17130,31090,121,Avenue A,"","","","","","","","",""
2020-07-12T04:12:41.664+02:00,4,45,2020-07-12,04:12:41,43.664005,-75.883316,NY,9890,42490,6940,22-71,43rd St,"","","","","","","","",""
2020-07-12T04:12:41.817+02:00,1,12,2020-07-12,04:12:41,41.572495,-73.40428,NY,11420,26940,29620,1869,BATHGATE AVE,"","","","","","","","",""
2020-07-12T04:12:41.958+02:00,3,34,2020-07-12,04:12:41,41.2923,-75.74053,NY,24890,18970,18990,1569,Lexington Ave,"","","","","","","","",""
2020-07-12T04:12:42.107+02:00,4,42,2020-07-12,04:12:42,43.991524,-75.49599,NY,0,0,0,35-53,95th St,"","","","","","","","",""
2020-07-12T04:12:42.248+02:00,7,75,2020-07-12,04:12:42,41.461525,-79.76438,NY,59430,7530,74430,1603,McDonald Ave,"","","","","","","","",""
2020-07-12T04:12:42.385+02:00,5,56,2020-07-12,04:12:42,41.66714,-77.78755,NY,10210,18570,18590,1394,3rd Ave,"","","","","","","","",""
2020-07-12T04:12:42.553+02:00,2,25,2020-07-12,04:12:42,43.6829,-73.37388,NY,88630,69330,81430,4,Virginia Pl,"","","","","","","","",""
2020-07-12T04:12:42.716+02:00,5,51,2020-07-12,04:12:42,41.447113,-77.769516,NY,6240,7340,7390,26-24,18th St,"","","","","","","","",""
2020-07-12T04:12:43.092+02:00,1,16,2020-07-12,04:12:42,41.312283,-73.25305,NY,6780,10080,10180,7113,17th Ave,0,5d5d8eaf-d3ba-4fd5-bb49-71408e4e54b1,GGP4669,PAS,BUS,NISSA,BLACK,50,50-Crosswalk
2020-07-12T04:12:43.242+02:00,6,65,2020-07-12,04:12:43,43.159935,-77.55572,NY,14630,35080,35130,712,Avenue U,"","","","","","","","",""
2020-07-12T04:12:43.391+02:00,7,73,2020-07-12,04:12:43,41.360966,-79.621544,NY,10140,5640,5690,10-35,45th Ave,"","","","","","","","",""
2020-07-12T04:12:43.543+02:00,5,51,2020-07-12,04:12:43,41.855034,-77.94492,NY,14220,45120,66920,880,Boynton Ave,"","","","","","","","",""
2020-07-12T04:12:43.698+02:00,1,14,2020-07-12,04:12:43,41.879448,-73.56615,NY,86630,26230,77930,907,UTICA AVE,"","","","","","","","",""
2020-07-12T04:12:44.093+02:00,3,33,2020-07-12,04:12:43,41.83278,-75.59003,NY,10140,6740,7040,21-25,45th Ave,0,85fb620c-7aa2-4ba2-8515-f2b6eb0064af,HPM5332,PAS,VAN,CHEVR,WHITE,72,72-Insp Stkr Mutilated
2020-07-12T04:12:44.242+02:00,1,13,2020-07-12,04:12:44,41.58413,-73.080574,NY,0,0,0,null,NB SOUTHERN BLVD @ E,"","","","","","","","",""
2020-07-12T04:12:44.398+02:00,3,37,2020-07-12,04:12:44,41.45703,-75.30717,NY,18890,10210,10110,226,E 96th St,"","","","","","","","",""
2020-07-12T04:12:44.565+02:00,4,42,2020-07-12,04:12:44,43.57823,-75.90359,NY,29220,40404,40404,2486,E Fordham Rd,"","","","","","","","",""
2020-07-12T04:12:44.726+02:00,6,64,2020-07-12,04:12:44,43.82156,-77.995255,NY,42730,27430,90130,925,Fulton St,"","","","","","","","",""
2020-07-12T04:12:44.871+02:00,6,61,2020-07-12,04:12:44,43.246384,-77.44939,NY,72230,41930,18630,1010,PRESIDENT ST,"","","","","","","","",""
2020-07-12T04:12:45.023+02:00,3,31,2020-07-12,04:12:45,41.37651,-75.72055,NY,27225,15840,61950,76-22A,249th St,"","","","","","","","",""
2020-07-12T04:12:45.185+02:00,7,74,2020-07-12,04:12:45,41.5548,-79.13426,NY,10630,5280,5430,325,81st St,"","","","","","","","",""
2020-07-12T04:12:45.345+02:00,6,63,2020-07-12,04:12:45,43.246384,-77.44939,NY,72230,41930,18630,1010,PRESIDENT ST,"","","","","","","","",""
2020-07-12T04:12:45.480+02:00,2,23,2020-07-12,04:12:45,43.66034,-73.179,NY,18750,10210,10110,219,E 88th St,"","","","","","","","",""
2020-07-12T04:12:45.638+02:00,6,61,2020-07-12,04:12:45,43.38338,-77.6681,NY,47030,70030,73110,768,Hancock St,"","","","","","","","",""
2020-07-12T04:12:45.788+02:00,7,71,2020-07-12,04:12:45,41.175938,-79.19657,NY,33730,5430,5580,361,Douglass St,"","","","","","","","",""
2020-07-12T04:12:45.935+02:00,7,73,2020-07-12,04:12:45,41.78071,-79.93825,NY,61520,75260,75290,6015,Riverdale Ave,"","","","","","","","",""
2020-07-12T04:12:46.090+02:00,7,76,2020-07-12,04:12:46,41.114594,-79.67785,NY,0,0,0,65-21,Main St,"","","","","","","","",""
2020-07-12T04:12:46.245+02:00,6,63,2020-07-12,04:12:46,43.159935,-77.55572,NY,14630,35080,35130,712,Avenue U,"","","","","","","","",""
2020-07-12T04:12:46.388+02:00,1,12,2020-07-12,04:12:46,41.584595,-73.78567,NY,81830,60330,83630,2943,Stillwell Ave,"","","","","","","","",""
2020-07-12T04:12:46.537+02:00,5,52,2020-07-12,04:12:46,41.44167,-77.97423,NY,37070,13610,21190,626,W 165th St,"","","","","","","","",""
2020-07-12T04:12:46.687+02:00,3,35,2020-07-12,04:12:46,41.765865,-75.07626,NY,54010,58330,59640,202,Kent St,"","","","","","","","",""
2020-07-12T04:12:46.831+02:00,2,21,2020-07-12,04:12:46,43.655354,-73.00781,NY,21790,12670,97510,11,Greenwich St,"","","","","","","","",""
2020-07-12T04:12:46.972+02:00,5,57,2020-07-12,04:12:46,41.974518,-77.826645,NY,12110,17130,31090,121,Avenue A,"","","","","","","","",""
2020-07-12T04:12:47.141+02:00,7,73,2020-07-12,04:12:47,41.681473,-79.25305,NY,10620,52220,10720,1834,Barnes Ave,"","","","","","","","",""
2020-07-12T04:12:47.292+02:00,3,36,2020-07-12,04:12:47,41.281487,-75.29116,NY,26160,21520,50320,389,E 150th St,"","","","","","","","",""
2020-07-12T04:12:47.445+02:00,2,21,2020-07-12,04:12:47,43.351345,-73.97551,NY,37390,11710,12010,515,W 182nd St,"","","","","","","","",""
2020-07-12T04:12:47.590+02:00,1,14,2020-07-12,04:12:47,41.291145,-73.337776,NY,29220,27300,21820,135,E Fordham Rd,"","","","","","","","",""
2020-07-12T04:12:47.751+02:00,2,22,2020-07-12,04:12:47,43.991196,-73.89059,NY,10210,17610,17630,456,3 AV,"","","","","","","","",""
2020-07-12T04:12:47.913+02:00,2,27,2020-07-12,04:12:47,43.11828,-73.95351,NY,18740,51010,7090,23-54,94th St,"","","","","","","","",""
2020-07-12T04:12:48.067+02:00,2,25,2020-07-12,04:12:48,43.6829,-73.37388,NY,88630,69330,81430,4,Virginia Pl,"","","","","","","","",""
2020-07-12T04:12:48.217+02:00,1,16,2020-07-12,04:12:48,41.951427,-73.72924,NY,38950,0,0,E,Elm Pl,"","","","","","","","",""
2020-07-12T04:12:48.367+02:00,1,13,2020-07-12,04:12:48,41.58413,-73.080574,NY,0,0,0,null,NB SOUTHERN BLVD @ E,"","","","","","","","",""
2020-07-12T04:12:48.514+02:00,6,66,2020-07-12,04:12:48,43.246384,-77.44939,NY,72230,41930,18630,1010,PRESIDENT ST,"","","","","","","","",""
2020-07-12T04:12:48.655+02:00,2,24,2020-07-12,04:12:48,43.991196,-73.89059,NY,10210,17610,17630,456,3 AV,"","","","","","","","",""
2020-07-12T04:12:48.812+02:00,5,54,2020-07-12,04:12:48,41.154934,-77.99088,NY,23170,50620,27250,245-43,149 AVE,"","","","","","","","",""
2020-07-12T04:12:48.950+02:00,1,12,2020-07-12,04:12:48,41.17809,-73.80342,NY,17250,10010,12110,446,E 13th St,"","","","","","","","",""
2020-07-12T04:12:49.087+02:00,7,76,2020-07-12,04:12:49,41.818405,-79.27268,NY,0,0,0,1267,Park Ave,"","","","","","","","",""
2020-07-12T04:12:49.235+02:00,3,36,2020-07-12,04:12:49,41.69801,-75.66885,NY,23190,28690,33990,570,Hudson St,"","","","","","","","",""
2020-07-12T04:12:49.379+02:00,3,34,2020-07-12,04:12:49,41.281487,-75.29116,NY,26160,21520,50320,389,E 150th St,"","","","","","","","",""
2020-07-12T04:12:49.521+02:00,6,67,2020-07-12,04:12:49,43.82074,-77.976036,NY,5580,10530,10580,7909,5th Ave,"","","","","","","","",""
2020-07-12T04:12:49.654+02:00,1,13,2020-07-12,04:12:49,41.362175,-73.66265,NY,5580,9230,9280,5314,5th Ave,"","","","","","","","",""
2020-07-12T04:12:49.801+02:00,1,17,2020-07-12,04:12:49,41.879448,-73.56615,NY,86630,26230,77930,907,UTICA AVE,"","","","","","","","",""
2020-07-12T04:12:49.954+02:00,1,12,2020-07-12,04:12:49,41.951427,-73.72924,NY,38950,0,0,E,Elm Pl,"","","","","","","","",""
2020-07-12T04:12:50.114+02:00,4,42,2020-07-12,04:12:50,43.521423,-75.65827,NY,28830,14330,14380,1844,CONEY ISLAND AVE,"","","","","","","","",""
2020-07-12T04:12:50.250+02:00,3,32,2020-07-12,04:12:50,41.43547,-75.77323,NY,30490,30590,11810,31,Sherman Ave,"","","","","","","","",""
2020-07-12T04:12:50.400+02:00,4,43,2020-07-12,04:12:50,43.740265,-75.097244,NY,17570,24890,10210,154,E 29th St,"","","","","","","","",""
2020-07-12T04:12:50.591+02:00,4,42,2020-07-12,04:12:50,43.045353,-75.92089,NY,40890,23690,23750,156-40,Cross Bay Blvd,"","","","","","","","",""
2020-07-12T04:12:50.727+02:00,4,43,2020-07-12,04:12:50,43.449623,-75.14106,NY,0,0,0,N,46th Ave,"","","","","","","","",""
2020-07-12T04:12:50.860+02:00,1,14,2020-07-12,04:12:50,41.04705,-73.8073,NY,10110,31090,17170,136,2nd Ave,"","","","","","","","",""
2020-07-12T04:12:51.009+02:00,6,64,2020-07-12,04:12:50,43.813957,-77.84913,NY,58030,85330,83330,262,Macon St,"","","","","","","","",""
2020-07-12T04:12:51.167+02:00,5,56,2020-07-12,04:12:51,41.39,-77.83611,NY,61090,18090,38390,89-14,Roosevelt Ave,"","","","","","","","",""
2020-07-12T04:12:51.316+02:00,7,74,2020-07-12,04:12:51,41.070866,-79.47578,NY,24890,17890,17910,459,Lexington Ave,"","","","","","","","",""
2020-07-12T04:12:51.453+02:00,5,51,2020-07-12,04:12:51,41.033703,-77.0973,NY,53790,23700,23790,156-01,Liberty Ave,"","","","","","","","",""
2020-07-12T04:12:51.594+02:00,2,25,2020-07-12,04:12:51,43.429996,-73.28344,NY,10210,19350,19370,2212,3rd Ave,"","","","","","","","",""
2020-07-12T04:12:51.749+02:00,4,41,2020-07-12,04:12:51,43.740265,-75.097244,NY,17570,24890,10210,154,E 29th St,"","","","","","","","",""
2020-07-12T04:12:52.098+02:00,7,74,2020-07-12,04:12:51,41.070866,-79.47578,NY,24890,17890,17910,459,Lexington Ave,0,9a6d6b18-1ea2-47c2-b413-2fca8865fe79,HBZ6655,PAS,PICK,CHEVR,BK,35,35-Selling/Offer Merchandise
2020-07-12T04:12:52.231+02:00,1,14,2020-07-12,04:12:52,41.572495,-73.40428,NY,11420,26940,29620,1869,BATHGATE AVE,"","","","","","","","",""
2020-07-12T04:12:52.389+02:00,7,73,2020-07-12,04:12:52,41.070866,-79.47578,NY,24890,17890,17910,459,Lexington Ave,"","","","","","","","",""
2020-07-12T04:12:52.544+02:00,2,22,2020-07-12,04:12:52,43.66034,-73.179,NY,18750,10210,10110,219,E 88th St,"","","","","","","","",""
2020-07-12T04:12:52.896+02:00,7,73,2020-07-12,04:12:52,41.576843,-79.79493,NY,17670,0,0,N,E 34th St,0,0284eaf1-9070-4acf-9b3f-35e2ff813f00,GKR4522,OMS,4DSD,DODGE,GY,68,68-Not Pkg. Comp. w Psted Sign
2020-07-12T04:12:53.068+02:00,7,74,2020-07-12,04:12:53,41.600258,-79.40775,NY,18630,78930,0,null,Bedford Ave,"","","","","","","","",""
2020-07-12T04:12:53.205+02:00,7,72,2020-07-12,04:12:53,41.413406,-79.52721,NY,11620,17720,28860,4460,Baychester Ave,"","","","","","","","",""
2020-07-12T04:12:53.403+02:00,1,14,2020-07-12,04:12:53,41.312283,-73.25305,NY,6780,10080,10180,7113,17th Ave,"","","","","","","","",""
2020-07-12T04:12:53.582+02:00,4,45,2020-07-12,04:12:53,43.493057,-75.23407,NY,10910,34790,34810,772,9th Ave,"","","","","","","","",""
2020-07-12T04:12:53.805+02:00,2,23,2020-07-12,04:12:53,43.069805,-73.05807,NY,55690,16290,16490,78-02,METROPOLITAN AVENUE,"","","","","","","","",""
2020-07-12T04:12:54.007+02:00,5,53,2020-07-12,04:12:53,41.66714,-77.78755,NY,10210,18570,18590,1394,3rd Ave,"","","","","","","","",""
2020-07-12T04:12:54.204+02:00,6,62,2020-07-12,04:12:54,43.09646,-77.23756,NY,10010,19290,19310,2285,1st Ave,"","","","","","","","",""
2020-07-12T04:12:54.391+02:00,5,53,2020-07-12,04:12:54,41.46314,-77.10834,NY,31190,37450,37470,1511,ST NICHOLAS AVE,"","","","","","","","",""
2020-07-12T04:12:54.582+02:00,7,72,2020-07-12,04:12:54,41.17554,-79.074356,NY,14980,75130,50830,511,Bainbridge St,"","","","","","","","",""
2020-07-12T04:12:54.773+02:00,2,22,2020-07-12,04:12:54,43.319824,-73.96076,NY,0,0,0,S,Clinton Ave,"","","","","","","","",""
2020-07-12T04:12:55.157+02:00,5,55,2020-07-12,04:12:54,41.97286,-77.47715,NY,77850,40020,76950,2939,Wilkinson Ave,0,75fc38e0-d225-4a59-84a2-51e5762c7d69,FEH4209,PAS,PICK,FORD,BK,74,74-Missing Display Plate
2020-07-12T04:12:55.329+02:00,5,52,2020-07-12,04:12:55,41.39,-77.83611,NY,61090,18090,38390,89-14,Roosevelt Ave,"","","","","","","","",""
2020-07-12T04:12:55.496+02:00,6,62,2020-07-12,04:12:55,43.82156,-77.995255,NY,42730,27430,90130,925,Fulton St,"","","","","","","","",""
2020-07-12T04:12:55.682+02:00,7,77,2020-07-12,04:12:55,41.0837,-79.04467,NY,0,0,0,267,5th Ave,"","","","","","","","",""
2020-07-12T04:12:55.845+02:00,2,21,2020-07-12,04:12:55,43.319824,-73.96076,NY,0,0,0,S,Clinton Ave,"","","","","","","","",""
2020-07-12T04:12:55.998+02:00,7,74,2020-07-12,04:12:55,41.603,-79.20927,NY,17590,10110,10010,316,E 30TH ST,"","","","","","","","",""
2020-07-12T04:12:56.141+02:00,5,56,2020-07-12,04:12:56,41.63178,-77.66956,NY,39930,81050,94630,891,EUCLID AVE,"","","","","","","","",""
2020-07-12T04:12:56.293+02:00,5,52,2020-07-12,04:12:56,41.69565,-77.10822,NY,74630,48830,27530,211,SACKETT ST,"","","","","","","","",""
2020-07-12T04:12:56.475+02:00,6,64,2020-07-12,04:12:56,43.815086,-77.27143,NY,51090,21540,21590,12308,Jamaica Ave,"","","","","","","","",""
2020-07-12T04:12:56.622+02:00,2,25,2020-07-12,04:12:56,43.991196,-73.89059,NY,10210,17610,17630,456,3 AV,"","","","","","","","",""
2020-07-12T04:12:56.759+02:00,3,37,2020-07-12,04:12:56,41.401802,-75.29458,NY,10510,26040,33990,458,6th Ave,"","","","","","","","",""
2020-07-12T04:12:56.896+02:00,1,14,2020-07-12,04:12:56,41.312283,-73.25305,NY,6780,10080,10180,7113,17th Ave,"","","","","","","","",""
2020-07-12T04:12:57.046+02:00,2,27,2020-07-12,04:12:57,43.429996,-73.28344,NY,10210,19350,19370,2212,3rd Ave,"","","","","","","","",""
2020-07-12T04:12:57.182+02:00,3,33,2020-07-12,04:12:57,41.83278,-75.59003,NY,10140,6740,7040,21-25,45th Ave,"","","","","","","","",""
2020-07-12T04:12:57.326+02:00,1,13,2020-07-12,04:12:57,41.312283,-73.25305,NY,6780,10080,10180,7113,17th Ave,"","","","","","","","",""
2020-07-12T04:12:57.477+02:00,2,22,2020-07-12,04:12:57,43.903423,-73.27599,NY,0,0,0,null,S/E C/O 81 ST,"","","","","","","","",""
2020-07-12T04:12:57.648+02:00,5,53,2020-07-12,04:12:57,41.974518,-77.826645,NY,12110,17130,31090,121,Avenue A,"","","","","","","","",""
2020-07-12T04:12:57.851+02:00,1,12,2020-07-12,04:12:57,41.291145,-73.337776,NY,29220,27300,21820,135,E Fordham Rd,"","","","","","","","",""
2020-07-12T04:12:57.998+02:00,1,17,2020-07-12,04:12:57,41.58413,-73.080574,NY,0,0,0,null,NB SOUTHERN BLVD @ E,"","","","","","","","",""
2020-07-12T04:12:58.136+02:00,7,73,2020-07-12,04:12:58,41.114594,-79.67785,NY,0,0,0,65-21,Main St,"","","","","","","","",""
2020-07-12T04:12:58.282+02:00,5,57,2020-07-12,04:12:58,41.97286,-77.47715,NY,77850,40020,76950,2939,Wilkinson Ave,"","","","","","","","",""
2020-07-12T04:12:58.433+02:00,3,34,2020-07-12,04:12:58,41.753162,-75.825386,NY,6280,84130,9730,6216,12th Ave,"","","","","","","","",""
2020-07-12T04:12:58.579+02:00,7,71,2020-07-12,04:12:58,41.818405,-79.27268,NY,0,0,0,1267,Park Ave,"","","","","","","","",""
2020-07-12T04:12:58.730+02:00,7,71,2020-07-12,04:12:58,41.407223,-79.792175,NY,81430,73110,50930,1757,STERLING PL,"","","","","","","","",""
2020-07-12T04:12:58.873+02:00,3,34,2020-07-12,04:12:58,41.363644,-75.76794,NY,67530,14330,14380,1996,OCEAN AVE,"","","","","","","","",""
2020-07-12T04:12:59.016+02:00,5,53,2020-07-12,04:12:59,41.68778,-77.38308,NY,27150,36420,62720,216,E 183rd St,"","","","","","","","",""
2020-07-12T04:12:59.156+02:00,4,42,2020-07-12,04:12:59,43.449623,-75.14106,NY,0,0,0,N,46th Ave,"","","","","","","","",""
2020-07-12T04:12:59.304+02:00,1,14,2020-07-12,04:12:59,41.58413,-73.080574,NY,0,0,0,null,NB SOUTHERN BLVD @ E,"","","","","","","","",""
2020-07-12T04:12:59.440+02:00,7,76,2020-07-12,04:12:59,41.78071,-79.93825,NY,61520,75260,75290,6015,Riverdale Ave,"","","","","","","","",""
2020-07-12T04:12:59.592+02:00,5,57,2020-07-12,04:12:59,41.447113,-77.769516,NY,6240,7340,7390,26-24,18th St,"","","","","","","","",""
2020-07-12T04:12:59.780+02:00,7,76,2020-07-12,04:12:59,41.070866,-79.47578,NY,24890,17890,17910,459,Lexington Ave,"","","","","","","","",""
